{"plan_1": [[[0.0, 1.0, 1.5], [0.0, 0.0, 0.5990829348564148]]], "plan_2": [[[0.0, 1.0, 1.5], [0.5600241866002805, 0.570997490460442, 0.5990829348564148]]], "plan_3": [[[0.0, 1.0, 1.5], [-0.5600241866002805, -0.570997490460442, 0.5990829348564148]]], "plan_4": [[[-1.0, 0.0, 1.5], [0.0, 0.0, 0.5990829348564148]]], "plan_5": [[[1.0, 0.0, 1.5], [0.0, 0.0, 0.5990829348564148]]]}