{"plan_1": [[[-0.045, 0.015, 0.3], [-0.045, 0.015, 0.15], [-0.045, 0.015, 0.1]], [[-0.015, 0.015, 0.3], [-0.015, 0.015, 0.15], [-0.015, 0.015, 0.1]], [[0.015, 0.015, 0.3], [0.015, 0.015, 0.15], [0.015, 0.015, 0.1]], [[0.045, 0.015, 0.3], [0.045, 0.015, 0.15], [0.045, 0.015, 0.1]], [[-0.045, -0.015, 0.3], [-0.045, -0.015, 0.15], [-0.045, -0.015, 0.1]], [[-0.015, -0.015, 0.3], [-0.015, -0.015, 0.15], [-0.015, -0.015, 0.1]], [[0.015, -0.015, 0.3], [0.015, -0.015, 0.15], [0.015, -0.015, 0.1]], [[0.045, -0.015, 0.3], [0.045, -0.015, 0.15], [0.045, -0.015, 0.1]]], "plan_2": [[[0.05500000000000001, 0.015, 0.1], [0.0050000000000000044, 0.015, 0.1], [-0.045, 0.015, 0.1]], [[0.085, 0.015, 0.1], [0.035, 0.015, 0.1], [-0.015, 0.015, 0.1]], [[0.115, 0.015, 0.1], [0.065, 0.015, 0.1], [0.015, 0.015, 0.1]], [[0.14500000000000002, 0.015, 0.1], [0.095, 0.015, 0.1], [0.045, 0.015, 0.1]], [[0.05500000000000001, -0.015, 0.1], [0.0050000000000000044, -0.015, 0.1], [-0.045, -0.015, 0.1]], [[0.085, -0.015, 0.1], [0.035, -0.015, 0.1], [-0.015, -0.015, 0.1]], [[0.115, -0.015, 0.1], [0.065, -0.015, 0.1], [0.015, -0.015, 0.1]], [[0.14500000000000002, -0.015, 0.1], [0.095, -0.015, 0.1], [0.045, -0.015, 0.1]]], "plan_3": [[[0.05500000000000001, 0.115, 0.3], [0.0050000000000000044, 0.065, 0.2], [-0.045, 0.015, 0.1]], [[0.085, 0.115, 0.3], [0.035, 0.065, 0.2], [-0.015, 0.015, 0.1]], [[0.115, 0.115, 0.3], [0.065, 0.065, 0.2], [0.015, 0.015, 0.1]], [[0.14500000000000002, 0.115, 0.3], [0.095, 0.065, 0.2], [0.045, 0.015, 0.1]], [[0.05500000000000001, 0.085, 0.3], [0.0050000000000000044, 0.035, 0.2], [-0.045, -0.015, 0.1]], [[0.085, 0.085, 0.3], [0.035, 0.035, 0.2], [-0.015, -0.015, 0.1]], [[0.115, 0.085, 0.3], [0.065, 0.035, 0.2], [0.015, -0.015, 0.1]], [[0.14500000000000002, 0.085, 0.3], [0.095, 0.035, 0.2], [0.045, -0.015, 0.1]]], "plan_4": [[[-0.045, 0.065, 0.3], [-0.045, 0.04, 0.2], [-0.045, 0.015, 0.1]], [[-0.015, 0.065, 0.3], [-0.015, 0.04, 0.2], [-0.015, 0.015, 0.1]], [[0.015, 0.065, 0.3], [0.015, 0.04, 0.2], [0.015, 0.015, 0.1]], [[0.045, 0.065, 0.3], [0.045, 0.04, 0.2], [0.045, 0.015, 0.1]], [[-0.045, 0.035, 0.3], [-0.045, 0.010000000000000002, 0.2], [-0.045, -0.015, 0.1]], [[-0.015, 0.035, 0.3], [-0.015, 0.010000000000000002, 0.2], [-0.015, -0.015, 0.1]], [[0.015, 0.035, 0.3], [0.015, 0.010000000000000002, 0.2], [0.015, -0.015, 0.1]], [[0.045, 0.035, 0.3], [0.045, 0.010000000000000002, 0.2], [0.045, -0.015, 0.1]]], "plan_5": [[[-0.045, -0.035, 0.3], [-0.045, -0.010000000000000002, 0.2], [-0.045, 0.015, 0.1]], [[-0.015, -0.035, 0.3], [-0.015, -0.010000000000000002, 0.2], [-0.015, 0.015, 0.1]], [[0.015, -0.035, 0.3], [0.015, -0.010000000000000002, 0.2], [0.015, 0.015, 0.1]], [[0.045, -0.035, 0.3], [0.045, -0.010000000000000002, 0.2], [0.045, 0.015, 0.1]], [[-0.045, -0.065, 0.3], [-0.045, -0.04, 0.2], [-0.045, -0.015, 0.1]], [[-0.015, -0.065, 0.3], [-0.015, -0.04, 0.2], [-0.015, -0.015, 0.1]], [[0.015, -0.065, 0.3], [0.015, -0.04, 0.2], [0.015, -0.015, 0.1]], [[0.045, -0.065, 0.3], [0.045, -0.04, 0.2], [0.045, -0.015, 0.1]]]}