{
  "plan_1": [
    [0.0, 0.0, 0.5],
    [0.0, 0.0, 0.27147066061496734]
  ],
  "plan_2": [
    [0.0, -0.3, 0.2],
    [0.0, 0.0, 0.17142066061496734]
  ],
  "plan_3": [
    [0.0, 0.3, 0.1],
    [0.0, 0.0, 0.07142066061496734]
  ],
  "plan_4": [
    [-0.3, 0.0, 0.3],
    [0.0, 0.0, 0.27147066061496734]
  ],
  "plan_5": [
    [0.3, 0.0, 0.3],
    [0.0, 0.0, 0.27147066061496734]
  ]
}
