{"plan_1": [[[-0.15, -0.15, 0.5], [-0.15, -0.15, 0.25294786793355684]], [[-0.15, 0.0, 0.5], [-0.15, 0.0, 0.25294786793355684]], [[-0.15, 0.15, 0.5], [-0.15, 0.15, 0.25294786793355684]], [[0.0, -0.15, 0.5], [0.0, -0.15, 0.25294786793355684]], [[0.0, 0.0, 0.5], [0.0, 0.0, 0.25294786793355684]], [[0.0, 0.15, 0.5], [0.0, 0.15, 0.25294786793355684]], [[0.15, -0.15, 0.5], [0.15, -0.15, 0.25294786793355684]], [[0.15, 0.0, 0.5], [0.15, 0.0, 0.25294786793355684]], [[0.15, 0.15, 0.5], [0.15, 0.15, 0.25294786793355684]]], "plan_2": [[[-0.15, -0.55, 0.25294786793355684], [-0.15, -0.15, 0.25294786793355684]], [[-0.15, -0.4, 0.25294786793355684], [-0.15, 0.0, 0.25294786793355684]], [[-0.15, -0.25, 0.25294786793355684], [-0.15, 0.15, 0.25294786793355684]], [[0.0, -0.55, 0.25294786793355684], [0.0, -0.15, 0.25294786793355684]], [[0.0, -0.4, 0.25294786793355684], [0.0, 0.0, 0.25294786793355684]], [[0.0, -0.25, 0.25294786793355684], [0.0, 0.15, 0.25294786793355684]], [[0.15, -0.55, 0.25294786793355684], [0.15, -0.15, 0.25294786793355684]], [[0.15, -0.4, 0.25294786793355684], [0.15, 0.0, 0.25294786793355684]], [[0.15, -0.25, 0.25294786793355684], [0.15, 0.15, 0.25294786793355684]]], "plan_3": [[[-0.15, 0.25, 0.25294786793355684], [-0.15, -0.15, 0.25294786793355684]], [[-0.15, 0.4, 0.25294786793355684], [-0.15, 0.0, 0.25294786793355684]], [[-0.15, 0.55, 0.25294786793355684], [-0.15, 0.15, 0.25294786793355684]], [[0.0, 0.25, 0.25294786793355684], [0.0, -0.15, 0.25294786793355684]], [[0.0, 0.4, 0.25294786793355684], [0.0, 0.0, 0.25294786793355684]], [[0.0, 0.55, 0.25294786793355684], [0.0, 0.15, 0.25294786793355684]], [[0.15, 0.25, 0.25294786793355684], [0.15, -0.15, 0.25294786793355684]], [[0.15, 0.4, 0.25294786793355684], [0.15, 0.0, 0.25294786793355684]], [[0.15, 0.55, 0.25294786793355684], [0.15, 0.15, 0.25294786793355684]]], "plan_4": [[[-0.55, -0.15, 0.25294786793355684], [-0.15, -0.15, 0.25294786793355684]], [[-0.55, 0.0, 0.25294786793355684], [-0.15, 0.0, 0.25294786793355684]], [[-0.55, 0.15, 0.25294786793355684], [-0.15, 0.15, 0.25294786793355684]], [[-0.4, -0.15, 0.25294786793355684], [0.0, -0.15, 0.25294786793355684]], [[-0.4, 0.0, 0.25294786793355684], [0.0, 0.0, 0.25294786793355684]], [[-0.4, 0.15, 0.25294786793355684], [0.0, 0.15, 0.25294786793355684]], [[-0.25, -0.15, 0.25294786793355684], [0.15, -0.15, 0.25294786793355684]], [[-0.25, 0.0, 0.25294786793355684], [0.15, 0.0, 0.25294786793355684]], [[-0.25, 0.15, 0.25294786793355684], [0.15, 0.15, 0.25294786793355684]]], "plan_5": [[[0.25, -0.15, 0.25294786793355684], [-0.15, -0.15, 0.25294786793355684]], [[0.25, 0.0, 0.25294786793355684], [-0.15, 0.0, 0.25294786793355684]], [[0.25, 0.15, 0.25294786793355684], [-0.15, 0.15, 0.25294786793355684]], [[0.4, -0.15, 0.25294786793355684], [0.0, -0.15, 0.25294786793355684]], [[0.4, 0.0, 0.25294786793355684], [0.0, 0.0, 0.25294786793355684]], [[0.4, 0.15, 0.25294786793355684], [0.0, 0.15, 0.25294786793355684]], [[0.55, -0.15, 0.25294786793355684], [0.15, -0.15, 0.25294786793355684]], [[0.55, 0.0, 0.25294786793355684], [0.15, 0.0, 0.25294786793355684]], [[0.55, 0.15, 0.25294786793355684], [0.15, 0.15, 0.25294786793355684]]]}