{"plan_1": [[[-0.06, -0.06, 0.6], [-0.06, -0.06, 0.28284877836704253]], [[0.0, -0.06, 0.6], [0.0, -0.06, 0.28284877836704253]], [[0.06, -0.06, 0.6], [0.06, -0.06, 0.28284877836704253]], [[-0.06, 0.0, 0.6], [-0.06, 0.0, 0.28284877836704253]], [[0.0, 0.0, 0.6], [0.0, 0.0, 0.28284877836704253]], [[0.06, 0.0, 0.6], [0.06, 0.0, 0.28284877836704253]], [[-0.06, 0.06, 0.6], [-0.06, 0.06, 0.28284877836704253]], [[0.0, 0.06, 0.6], [0.0, 0.06, 0.28284877836704253]], [[0.06, 0.06, 0.6], [0.06, 0.06, 0.28284877836704253]]], "plan_2": [[[-0.06, -0.36, 0.28284877836704253], [-0.06, -0.06, 0.28284877836704253]], [[0.0, -0.36, 0.28284877836704253], [0.0, -0.06, 0.28284877836704253]], [[0.06, -0.36, 0.28284877836704253], [0.06, -0.06, 0.28284877836704253]], [[-0.06, -0.3, 0.28284877836704253], [-0.06, 0.0, 0.28284877836704253]], [[0.0, -0.3, 0.28284877836704253], [0.0, 0.0, 0.28284877836704253]], [[0.06, -0.3, 0.28284877836704253], [0.06, 0.0, 0.28284877836704253]], [[-0.06, -0.24, 0.28284877836704253], [-0.06, 0.06, 0.28284877836704253]], [[0.0, -0.24, 0.28284877836704253], [0.0, 0.06, 0.28284877836704253]], [[0.06, -0.24, 0.28284877836704253], [0.06, 0.06, 0.28284877836704253]]], "plan_3": [[[-0.06, 0.24, 0.28284877836704253], [-0.06, -0.06, 0.28284877836704253]], [[0.0, 0.24, 0.28284877836704253], [0.0, -0.06, 0.28284877836704253]], [[0.06, 0.24, 0.28284877836704253], [0.06, -0.06, 0.28284877836704253]], [[-0.06, 0.3, 0.28284877836704253], [-0.06, 0.0, 0.28284877836704253]], [[0.0, 0.3, 0.28284877836704253], [0.0, 0.0, 0.28284877836704253]], [[0.06, 0.3, 0.28284877836704253], [0.06, 0.0, 0.28284877836704253]], [[-0.06, 0.36, 0.28284877836704253], [-0.06, 0.06, 0.28284877836704253]], [[0.0, 0.36, 0.28284877836704253], [0.0, 0.06, 0.28284877836704253]], [[0.06, 0.36, 0.28284877836704253], [0.06, 0.06, 0.28284877836704253]]], "plan_4": [[[-0.36, -0.06, 0.28284877836704253], [-0.06, -0.06, 0.28284877836704253]], [[-0.3, -0.06, 0.28284877836704253], [0.0, -0.06, 0.28284877836704253]], [[-0.24, -0.06, 0.28284877836704253], [0.06, -0.06, 0.28284877836704253]], [[-0.36, 0.0, 0.28284877836704253], [-0.06, 0.0, 0.28284877836704253]], [[-0.3, 0.0, 0.28284877836704253], [0.0, 0.0, 0.28284877836704253]], [[-0.24, 0.0, 0.28284877836704253], [0.06, 0.0, 0.28284877836704253]], [[-0.36, 0.06, 0.28284877836704253], [-0.06, 0.06, 0.28284877836704253]], [[-0.3, 0.06, 0.28284877836704253], [0.0, 0.06, 0.28284877836704253]], [[-0.24, 0.06, 0.28284877836704253], [0.06, 0.06, 0.28284877836704253]]], "plan_5": [[[0.24, -0.06, 0.28284877836704253], [-0.06, -0.06, 0.28284877836704253]], [[0.3, -0.06, 0.28284877836704253], [0.0, -0.06, 0.28284877836704253]], [[0.36, -0.06, 0.28284877836704253], [0.06, -0.06, 0.28284877836704253]], [[0.24, 0.0, 0.28284877836704253], [-0.06, 0.0, 0.28284877836704253]], [[0.3, 0.0, 0.28284877836704253], [0.0, 0.0, 0.28284877836704253]], [[0.36, 0.0, 0.28284877836704253], [0.06, 0.0, 0.28284877836704253]], [[0.24, 0.06, 0.28284877836704253], [-0.06, 0.06, 0.28284877836704253]], [[0.3, 0.06, 0.28284877836704253], [0.0, 0.06, 0.28284877836704253]], [[0.36, 0.06, 0.28284877836704253], [0.06, 0.06, 0.28284877836704253]]]}