{
  "plan_1": [
    [0.0, 0.0, 0.6],
    [0.0, 0.0, 0.28284877836704253]
  ],
  "plan_2": [
    [0.0, -0.3, 0.28284877836704253],
    [0.0, 0.0, 0.28284877836704253]
  ],
  "plan_3": [
    [0.0, 0.3, 0.28284877836704253],
    [0.0, 0.0, 0.28284877836704253]
  ],
  "plan_4": [
    [-0.3, 0.0, 0.28284877836704253],
    [0.0, 0.0, 0.28284877836704253]
  ],
  "plan_5": [
    [0.3, 0.0, 0.28284877836704253],
    [0.0, 0.0, 0.28284877836704253]
  ]
}
