{"plan_1": [[[-0.1, 0.1, 0.5], [-0.1, 0.1, 0.3], [-0.1, 0.1, 0.025]], [[0.0, 0.1, 0.5], [0.0, 0.1, 0.3], [0.0, 0.1, 0.025]], [[0.1, 0.1, 0.5], [0.1, 0.1, 0.3], [0.1, 0.1, 0.025]], [[-0.1, 0.0, 0.5], [-0.1, 0.0, 0.3], [-0.1, 0.0, 0.025]], [[0.0, 0.0, 0.5], [0.0, 0.0, 0.3], [0.0, 0.0, 0.025]], [[0.1, 0.0, 0.5], [0.1, 0.0, 0.3], [0.1, 0.0, 0.025]], [[-0.1, -0.1, 0.5], [-0.1, -0.1, 0.3], [-0.1, -0.1, 0.025]], [[0.0, -0.1, 0.5], [0.0, -0.1, 0.3], [0.0, -0.1, 0.025]], [[0.1, -0.1, 0.5], [0.1, -0.1, 0.3], [0.1, -0.1, 0.025]]], "plan_2": [[[-0.25, -0.04999999999999999, 0.5], [0.04999999999999999, 0.25, 0.3], [0.04999999999999999, 0.25, 0.025]], [[-0.15, -0.04999999999999999, 0.5], [0.15, 0.25, 0.3], [0.15, 0.25, 0.025]], [[-0.04999999999999999, -0.04999999999999999, 0.5], [0.25, 0.25, 0.3], [0.25, 0.25, 0.025]], [[-0.25, -0.15, 0.5], [0.04999999999999999, 0.15, 0.3], [0.04999999999999999, 0.15, 0.025]], [[-0.15, -0.15, 0.5], [0.15, 0.15, 0.3], [0.15, 0.15, 0.025]], [[-0.04999999999999999, -0.15, 0.5], [0.25, 0.15, 0.3], [0.25, 0.15, 0.025]], [[-0.25, -0.25, 0.5], [0.04999999999999999, 0.04999999999999999, 0.3], [0.04999999999999999, 0.04999999999999999, 0.025]], [[-0.15, -0.25, 0.5], [0.15, 0.04999999999999999, 0.3], [0.15, 0.04999999999999999, 0.025]], [[-0.04999999999999999, -0.25, 0.5], [0.25, 0.04999999999999999, 0.3], [0.25, 0.04999999999999999, 0.025]]], "plan_3": [[[-0.1, 0.30000000000000004, 0.5], [-0.1, 0.30000000000000004, 0.3], [-0.1, 0.30000000000000004, 0.025]], [[0.0, 0.30000000000000004, 0.5], [0.0, 0.30000000000000004, 0.3], [0.0, 0.30000000000000004, 0.025]], [[0.1, 0.30000000000000004, 0.5], [0.1, 0.30000000000000004, 0.3], [0.1, 0.30000000000000004, 0.025]], [[-0.1, 0.2, 0.5], [-0.1, 0.2, 0.3], [-0.1, 0.2, 0.025]], [[0.0, 0.2, 0.5], [0.0, 0.2, 0.3], [0.0, 0.2, 0.025]], [[0.1, 0.2, 0.5], [0.1, 0.2, 0.3], [0.1, 0.2, 0.025]], [[-0.1, 0.1, 0.5], [-0.1, 0.1, 0.3], [-0.1, 0.1, 0.025]], [[0.0, 0.1, 0.5], [0.0, 0.1, 0.3], [0.0, 0.1, 0.025]], [[0.1, 0.1, 0.5], [0.1, 0.1, 0.3], [0.1, 0.1, 0.025]]], "plan_4": [[[0.04000000000000001, 0.24000000000000002, 0.5], [-0.1, 0.1, 0.3], [-0.24000000000000002, -0.04000000000000001, 0.025]], [[0.14, 0.24000000000000002, 0.5], [0.0, 0.1, 0.3], [-0.14, -0.04000000000000001, 0.025]], [[0.24000000000000002, 0.24000000000000002, 0.5], [0.1, 0.1, 0.3], [-0.04000000000000001, -0.04000000000000001, 0.025]], [[0.04000000000000001, 0.14, 0.5], [-0.1, 0.0, 0.3], [-0.24000000000000002, -0.14, 0.025]], [[0.14, 0.14, 0.5], [0.0, 0.0, 0.3], [-0.14, -0.14, 0.025]], [[0.24000000000000002, 0.14, 0.5], [0.1, 0.0, 0.3], [-0.04000000000000001, -0.14, 0.025]], [[0.04000000000000001, 0.04000000000000001, 0.5], [-0.1, -0.1, 0.3], [-0.24000000000000002, -0.24000000000000002, 0.025]], [[0.14, 0.04000000000000001, 0.5], [0.0, -0.1, 0.3], [-0.14, -0.24000000000000002, 0.025]], [[0.24000000000000002, 0.04000000000000001, 0.5], [0.1, -0.1, 0.3], [-0.04000000000000001, -0.24000000000000002, 0.025]]], "plan_5": [[[0.0, 0.2, 0.5], [-0.05, 0.15000000000000002, 0.3], [-0.1, 0.1, 0.025]], [[0.1, 0.2, 0.5], [0.05, 0.15000000000000002, 0.3], [0.0, 0.1, 0.025]], [[0.2, 0.2, 0.5], [0.15000000000000002, 0.15000000000000002, 0.3], [0.1, 0.1, 0.025]], [[0.0, 0.1, 0.5], [-0.05, 0.05, 0.3], [-0.1, 0.0, 0.025]], [[0.1, 0.1, 0.5], [0.05, 0.05, 0.3], [0.0, 0.0, 0.025]], [[0.2, 0.1, 0.5], [0.15000000000000002, 0.05, 0.3], [0.1, 0.0, 0.025]], [[0.0, 0.0, 0.5], [-0.05, -0.05, 0.3], [-0.1, -0.1, 0.025]], [[0.1, 0.0, 0.5], [0.05, -0.05, 0.3], [0.0, -0.1, 0.025]], [[0.2, 0.0, 0.5], [0.15000000000000002, -0.05, 0.3], [0.1, -0.1, 0.025]]]}