{"plan_1": [[[-0.06, -0.06, 0.5], [-0.06, -0.06, 0.27147066061496733]], [[0.0, -0.06, 0.5], [0.0, -0.06, 0.27147066061496733]], [[0.06, -0.06, 0.5], [0.06, -0.06, 0.27147066061496733]], [[-0.06, 0.0, 0.5], [-0.06, 0.0, 0.27147066061496733]], [[0.0, 0.0, 0.5], [0.0, 0.0, 0.27147066061496733]], [[0.06, 0.0, 0.5], [0.06, 0.0, 0.27147066061496733]], [[-0.06, 0.06, 0.5], [-0.06, 0.06, 0.27147066061496733]], [[0.0, 0.06, 0.5], [0.0, 0.06, 0.27147066061496733]], [[0.06, 0.06, 0.5], [0.06, 0.06, 0.27147066061496733]]], "plan_2": [[[-0.06, -0.36, 0.2], [-0.06, -0.06, 0.17142066061496733]], [[0.0, -0.36, 0.2], [0.0, -0.06, 0.17142066061496733]], [[0.06, -0.36, 0.2], [0.06, -0.06, 0.17142066061496733]], [[-0.06, -0.3, 0.2], [-0.06, 0.0, 0.17142066061496733]], [[0.0, -0.3, 0.2], [0.0, 0.0, 0.17142066061496733]], [[0.06, -0.3, 0.2], [0.06, 0.0, 0.17142066061496733]], [[-0.06, -0.24, 0.2], [-0.06, 0.06, 0.17142066061496733]], [[0.0, -0.24, 0.2], [0.0, 0.06, 0.17142066061496733]], [[0.06, -0.24, 0.2], [0.06, 0.06, 0.17142066061496733]]], "plan_3": [[[-0.06, 0.24, 0.1], [-0.06, -0.06, 0.07142066061496734]], [[0.0, 0.24, 0.1], [0.0, -0.06, 0.07142066061496734]], [[0.06, 0.24, 0.1], [0.06, -0.06, 0.07142066061496734]], [[-0.06, 0.3, 0.1], [-0.06, 0.0, 0.07142066061496734]], [[0.0, 0.3, 0.1], [0.0, 0.0, 0.07142066061496734]], [[0.06, 0.3, 0.1], [0.06, 0.0, 0.07142066061496734]], [[-0.06, 0.36, 0.1], [-0.06, 0.06, 0.07142066061496734]], [[0.0, 0.36, 0.1], [0.0, 0.06, 0.07142066061496734]], [[0.06, 0.36, 0.1], [0.06, 0.06, 0.07142066061496734]]], "plan_4": [[[-0.36, -0.06, 0.3], [-0.06, -0.06, 0.27147066061496733]], [[-0.3, -0.06, 0.3], [0.0, -0.06, 0.27147066061496733]], [[-0.24, -0.06, 0.3], [0.06, -0.06, 0.27147066061496733]], [[-0.36, 0.0, 0.3], [-0.06, 0.0, 0.27147066061496733]], [[-0.3, 0.0, 0.3], [0.0, 0.0, 0.27147066061496733]], [[-0.24, 0.0, 0.3], [0.06, 0.0, 0.27147066061496733]], [[-0.36, 0.06, 0.3], [-0.06, 0.06, 0.27147066061496733]], [[-0.3, 0.06, 0.3], [0.0, 0.06, 0.27147066061496733]], [[-0.24, 0.06, 0.3], [0.06, 0.06, 0.27147066061496733]]], "plan_5": [[[0.24, -0.06, 0.3], [-0.06, -0.06, 0.27147066061496733]], [[0.3, -0.06, 0.3], [0.0, -0.06, 0.27147066061496733]], [[0.36, -0.06, 0.3], [0.06, -0.06, 0.27147066061496733]], [[0.24, 0.0, 0.3], [-0.06, 0.0, 0.27147066061496733]], [[0.3, 0.0, 0.3], [0.0, 0.0, 0.27147066061496733]], [[0.36, 0.0, 0.3], [0.06, 0.0, 0.27147066061496733]], [[0.24, 0.06, 0.3], [-0.06, 0.06, 0.27147066061496733]], [[0.3, 0.06, 0.3], [0.0, 0.06, 0.27147066061496733]], [[0.36, 0.06, 0.3], [0.06, 0.06, 0.27147066061496733]]]}