{"plan_1": [[[-0.05, -0.05, 1.0690225932747126], [-0.05, -0.05, 0.08902259327471257]], [[0, -0.05, 1.0690225932747126], [0, -0.05, 0.08902259327471257]], [[0.05, -0.05, 1.0690225932747126], [0.05, -0.05, 0.08902259327471257]], [[-0.05, 0, 1.0690225932747126], [-0.05, 0, 0.08902259327471257]], [[0, 0, 1.0690225932747126], [0, 0, 0.08902259327471257]], [[0.05, 0, 1.0690225932747126], [0.05, 0, 0.08902259327471257]], [[-0.05, 0.05, 1.0690225932747126], [-0.05, 0.05, 0.08902259327471257]], [[0, 0.05, 1.0690225932747126], [0, 0.05, 0.08902259327471257]], [[0.05, 0.05, 1.0690225932747126], [0.05, 0.05, 0.08902259327471257]]], "plan_2": [[[0.15000000000000002, -0.11892185279837848, 1.0690225932747126], [-0.05, -0.11892185279837848, 0.08902259327471257]], [[0.2, -0.11892185279837848, 1.0690225932747126], [0, -0.11892185279837848, 0.08902259327471257]], [[0.25, -0.11892185279837848, 1.0690225932747126], [0.05, -0.11892185279837848, 0.08902259327471257]], [[0.15000000000000002, -0.06892185279837848, 1.0690225932747126], [-0.05, -0.06892185279837848, 0.08902259327471257]], [[0.2, -0.06892185279837848, 1.0690225932747126], [0, -0.06892185279837848, 0.08902259327471257]], [[0.25, -0.06892185279837848, 1.0690225932747126], [0.05, -0.06892185279837848, 0.08902259327471257]], [[0.15000000000000002, -0.018921852798378477, 1.0690225932747126], [-0.05, -0.018921852798378477, 0.08902259327471257]], [[0.2, -0.018921852798378477, 1.0690225932747126], [0, -0.018921852798378477, 0.08902259327471257]], [[0.25, -0.018921852798378477, 1.0690225932747126], [0.05, -0.018921852798378477, 0.08902259327471257]]], "plan_3": [[[-0.25, 0.018921852798378477, 1.0690225932747126], [-0.05, 0.018921852798378477, 0.08902259327471257]], [[-0.2, 0.018921852798378477, 1.0690225932747126], [0, 0.018921852798378477, 0.08902259327471257]], [[-0.15000000000000002, 0.018921852798378477, 1.0690225932747126], [0.05, 0.018921852798378477, 0.08902259327471257]], [[-0.25, 0.06892185279837848, 1.0690225932747126], [-0.05, 0.06892185279837848, 0.08902259327471257]], [[-0.2, 0.06892185279837848, 1.0690225932747126], [0, 0.06892185279837848, 0.08902259327471257]], [[-0.15000000000000002, 0.06892185279837848, 1.0690225932747126], [0.05, 0.06892185279837848, 0.08902259327471257]], [[-0.25, 0.11892185279837848, 1.0690225932747126], [-0.05, 0.11892185279837848, 0.08902259327471257]], [[-0.2, 0.11892185279837848, 1.0690225932747126], [0, 0.11892185279837848, 0.08902259327471257]], [[-0.15000000000000002, 0.11892185279837848, 1.0690225932747126], [0.05, 0.11892185279837848, 0.08902259327471257]]], "plan_4": [[[-0.09239601897389958, -0.25, 1.0690225932747126], [-0.09239601897389958, -0.05, 0.08902259327471257]], [[-0.04239601897389958, -0.25, 1.0690225932747126], [-0.04239601897389958, -0.05, 0.08902259327471257]], [[0.007603981026100423, -0.25, 1.0690225932747126], [0.007603981026100423, -0.05, 0.08902259327471257]], [[-0.09239601897389958, -0.2, 1.0690225932747126], [-0.09239601897389958, 0, 0.08902259327471257]], [[-0.04239601897389958, -0.2, 1.0690225932747126], [-0.04239601897389958, 0, 0.08902259327471257]], [[0.007603981026100423, -0.2, 1.0690225932747126], [0.007603981026100423, 0, 0.08902259327471257]], [[-0.09239601897389958, -0.15000000000000002, 1.0690225932747126], [-0.09239601897389958, 0.05, 0.08902259327471257]], [[-0.04239601897389958, -0.15000000000000002, 1.0690225932747126], [-0.04239601897389958, 0.05, 0.08902259327471257]], [[0.007603981026100423, -0.15000000000000002, 1.0690225932747126], [0.007603981026100423, 0.05, 0.08902259327471257]]], "plan_5": [[[-0.007603981026100423, 0.15000000000000002, 1.0690225932747126], [-0.007603981026100423, -0.05, 0.08902259327471257]], [[0.04239601897389958, 0.15000000000000002, 1.0690225932747126], [0.04239601897389958, -0.05, 0.08902259327471257]], [[0.09239601897389958, 0.15000000000000002, 1.0690225932747126], [0.09239601897389958, -0.05, 0.08902259327471257]], [[-0.007603981026100423, 0.2, 1.0690225932747126], [-0.007603981026100423, 0, 0.08902259327471257]], [[0.04239601897389958, 0.2, 1.0690225932747126], [0.04239601897389958, 0, 0.08902259327471257]], [[0.09239601897389958, 0.2, 1.0690225932747126], [0.09239601897389958, 0, 0.08902259327471257]], [[-0.007603981026100423, 0.25, 1.0690225932747126], [-0.007603981026100423, 0.05, 0.08902259327471257]], [[0.04239601897389958, 0.25, 1.0690225932747126], [0.04239601897389958, 0.05, 0.08902259327471257]], [[0.09239601897389958, 0.25, 1.0690225932747126], [0.09239601897389958, 0.05, 0.08902259327471257]]]}