{"plan_1": [[[-0.04, -0.03, 0.3], [-0.04, -0.03, 0.1]], [[-0.04, -0.01, 0.3], [-0.04, -0.01, 0.1]], [[-0.04, 0.01, 0.3], [-0.04, 0.01, 0.1]], [[-0.04, 0.03, 0.3], [-0.04, 0.03, 0.1]], [[-0.02, -0.03, 0.3], [-0.02, -0.03, 0.1]], [[-0.02, -0.01, 0.3], [-0.02, -0.01, 0.1]], [[-0.02, 0.01, 0.3], [-0.02, 0.01, 0.1]], [[-0.02, 0.03, 0.3], [-0.02, 0.03, 0.1]], [[0.0, -0.03, 0.3], [0.0, -0.03, 0.1]], [[0.0, -0.01, 0.3], [0.0, -0.01, 0.1]], [[0.0, 0.01, 0.3], [0.0, 0.01, 0.1]], [[0.0, 0.03, 0.3], [0.0, 0.03, 0.1]], [[0.02, -0.03, 0.3], [0.02, -0.03, 0.1]], [[0.02, -0.01, 0.3], [0.02, -0.01, 0.1]], [[0.02, 0.01, 0.3], [0.02, 0.01, 0.1]], [[0.02, 0.03, 0.3], [0.02, 0.03, 0.1]], [[0.04, -0.03, 0.3], [0.04, -0.03, 0.1]], [[0.04, -0.01, 0.3], [0.04, -0.01, 0.1]], [[0.04, 0.01, 0.3], [0.04, 0.01, 0.1]], [[0.04, 0.03, 0.3], [0.04, 0.03, 0.1]]], "plan_2": [[[0.16, -0.03, 0.2], [-0.04, -0.03, 0.1]], [[0.16, -0.01, 0.2], [-0.04, -0.01, 0.1]], [[0.16, 0.01, 0.2], [-0.04, 0.01, 0.1]], [[0.16, 0.03, 0.2], [-0.04, 0.03, 0.1]], [[0.18000000000000002, -0.03, 0.2], [-0.02, -0.03, 0.1]], [[0.18000000000000002, -0.01, 0.2], [-0.02, -0.01, 0.1]], [[0.18000000000000002, 0.01, 0.2], [-0.02, 0.01, 0.1]], [[0.18000000000000002, 0.03, 0.2], [-0.02, 0.03, 0.1]], [[0.2, -0.03, 0.2], [0.0, -0.03, 0.1]], [[0.2, -0.01, 0.2], [0.0, -0.01, 0.1]], [[0.2, 0.01, 0.2], [0.0, 0.01, 0.1]], [[0.2, 0.03, 0.2], [0.0, 0.03, 0.1]], [[0.22, -0.03, 0.2], [0.02, -0.03, 0.1]], [[0.22, -0.01, 0.2], [0.02, -0.01, 0.1]], [[0.22, 0.01, 0.2], [0.02, 0.01, 0.1]], [[0.22, 0.03, 0.2], [0.02, 0.03, 0.1]], [[0.24000000000000002, -0.03, 0.2], [0.04, -0.03, 0.1]], [[0.24000000000000002, -0.01, 0.2], [0.04, -0.01, 0.1]], [[0.24000000000000002, 0.01, 0.2], [0.04, 0.01, 0.1]], [[0.24000000000000002, 0.03, 0.2], [0.04, 0.03, 0.1]]], "plan_3": [[[-0.24000000000000002, -0.03, 0.2], [-0.04, -0.03, 0.1]], [[-0.24000000000000002, -0.01, 0.2], [-0.04, -0.01, 0.1]], [[-0.24000000000000002, 0.01, 0.2], [-0.04, 0.01, 0.1]], [[-0.24000000000000002, 0.03, 0.2], [-0.04, 0.03, 0.1]], [[-0.22, -0.03, 0.2], [-0.02, -0.03, 0.1]], [[-0.22, -0.01, 0.2], [-0.02, -0.01, 0.1]], [[-0.22, 0.01, 0.2], [-0.02, 0.01, 0.1]], [[-0.22, 0.03, 0.2], [-0.02, 0.03, 0.1]], [[-0.2, -0.03, 0.2], [0.0, -0.03, 0.1]], [[-0.2, -0.01, 0.2], [0.0, -0.01, 0.1]], [[-0.2, 0.01, 0.2], [0.0, 0.01, 0.1]], [[-0.2, 0.03, 0.2], [0.0, 0.03, 0.1]], [[-0.18000000000000002, -0.03, 0.2], [0.02, -0.03, 0.1]], [[-0.18000000000000002, -0.01, 0.2], [0.02, -0.01, 0.1]], [[-0.18000000000000002, 0.01, 0.2], [0.02, 0.01, 0.1]], [[-0.18000000000000002, 0.03, 0.2], [0.02, 0.03, 0.1]], [[-0.16, -0.03, 0.2], [0.04, -0.03, 0.1]], [[-0.16, -0.01, 0.2], [0.04, -0.01, 0.1]], [[-0.16, 0.01, 0.2], [0.04, 0.01, 0.1]], [[-0.16, 0.03, 0.2], [0.04, 0.03, 0.1]]], "plan_4": [[[-0.04, 0.17, 0.2], [-0.04, -0.03, 0.1]], [[-0.04, 0.19, 0.2], [-0.04, -0.01, 0.1]], [[-0.04, 0.21000000000000002, 0.2], [-0.04, 0.01, 0.1]], [[-0.04, 0.23, 0.2], [-0.04, 0.03, 0.1]], [[-0.02, 0.17, 0.2], [-0.02, -0.03, 0.1]], [[-0.02, 0.19, 0.2], [-0.02, -0.01, 0.1]], [[-0.02, 0.21000000000000002, 0.2], [-0.02, 0.01, 0.1]], [[-0.02, 0.23, 0.2], [-0.02, 0.03, 0.1]], [[0.0, 0.17, 0.2], [0.0, -0.03, 0.1]], [[0.0, 0.19, 0.2], [0.0, -0.01, 0.1]], [[0.0, 0.21000000000000002, 0.2], [0.0, 0.01, 0.1]], [[0.0, 0.23, 0.2], [0.0, 0.03, 0.1]], [[0.02, 0.17, 0.2], [0.02, -0.03, 0.1]], [[0.02, 0.19, 0.2], [0.02, -0.01, 0.1]], [[0.02, 0.21000000000000002, 0.2], [0.02, 0.01, 0.1]], [[0.02, 0.23, 0.2], [0.02, 0.03, 0.1]], [[0.04, 0.17, 0.2], [0.04, -0.03, 0.1]], [[0.04, 0.19, 0.2], [0.04, -0.01, 0.1]], [[0.04, 0.21000000000000002, 0.2], [0.04, 0.01, 0.1]], [[0.04, 0.23, 0.2], [0.04, 0.03, 0.1]]], "plan_5": [[[-0.04, -0.23, 0.2], [-0.04, -0.03, 0.1]], [[-0.04, -0.21000000000000002, 0.2], [-0.04, -0.01, 0.1]], [[-0.04, -0.19, 0.2], [-0.04, 0.01, 0.1]], [[-0.04, -0.17, 0.2], [-0.04, 0.03, 0.1]], [[-0.02, -0.23, 0.2], [-0.02, -0.03, 0.1]], [[-0.02, -0.21000000000000002, 0.2], [-0.02, -0.01, 0.1]], [[-0.02, -0.19, 0.2], [-0.02, 0.01, 0.1]], [[-0.02, -0.17, 0.2], [-0.02, 0.03, 0.1]], [[0.0, -0.23, 0.2], [0.0, -0.03, 0.1]], [[0.0, -0.21000000000000002, 0.2], [0.0, -0.01, 0.1]], [[0.0, -0.19, 0.2], [0.0, 0.01, 0.1]], [[0.0, -0.17, 0.2], [0.0, 0.03, 0.1]], [[0.02, -0.23, 0.2], [0.02, -0.03, 0.1]], [[0.02, -0.21000000000000002, 0.2], [0.02, -0.01, 0.1]], [[0.02, -0.19, 0.2], [0.02, 0.01, 0.1]], [[0.02, -0.17, 0.2], [0.02, 0.03, 0.1]], [[0.04, -0.23, 0.2], [0.04, -0.03, 0.1]], [[0.04, -0.21000000000000002, 0.2], [0.04, -0.01, 0.1]], [[0.04, -0.19, 0.2], [0.04, 0.01, 0.1]], [[0.04, -0.17, 0.2], [0.04, 0.03, 0.1]]]}