{"plan_1": [[[-0.12, 0.0, 0.4], [-0.12, 0.0, 0.23494756519794463]], [[-0.06, 0.0, 0.4], [-0.06, 0.0, 0.23494756519794463]], [[0.0, 0.0, 0.4], [0.0, 0.0, 0.23494756519794463]], [[0.06, 0.0, 0.4], [0.06, 0.0, 0.23494756519794463]], [[0.12, 0.0, 0.4], [0.12, 0.0, 0.23494756519794463]]], "plan_2": [[[-0.12, -0.2, 0.23494756519794463], [-0.12, 0.0, 0.23494756519794463]], [[-0.06, -0.2, 0.23494756519794463], [-0.06, 0.0, 0.23494756519794463]], [[0.0, -0.2, 0.23494756519794463], [0.0, 0.0, 0.23494756519794463]], [[0.06, -0.2, 0.23494756519794463], [0.06, 0.0, 0.23494756519794463]], [[0.12, -0.2, 0.23494756519794463], [0.12, 0.0, 0.23494756519794463]]], "plan_3": [[[-0.12, 0.2, 0.23494756519794463], [-0.12, 0.0, 0.23494756519794463]], [[-0.06, 0.2, 0.23494756519794463], [-0.06, 0.0, 0.23494756519794463]], [[0.0, 0.2, 0.23494756519794463], [0.0, 0.0, 0.23494756519794463]], [[0.06, 0.2, 0.23494756519794463], [0.06, 0.0, 0.23494756519794463]], [[0.12, 0.2, 0.23494756519794463], [0.12, 0.0, 0.23494756519794463]]], "plan_4": [[[-0.32, 0.0, 0.23494756519794463], [-0.12, 0.0, 0.23494756519794463]], [[-0.26, 0.0, 0.23494756519794463], [-0.06, 0.0, 0.23494756519794463]], [[-0.2, 0.0, 0.23494756519794463], [0.0, 0.0, 0.23494756519794463]], [[-0.14, 0.0, 0.23494756519794463], [0.06, 0.0, 0.23494756519794463]], [[-0.08000000000000002, 0.0, 0.23494756519794463], [0.12, 0.0, 0.23494756519794463]]], "plan_5": [[[0.08000000000000002, 0.0, 0.23494756519794463], [-0.12, 0.0, 0.23494756519794463]], [[0.14, 0.0, 0.23494756519794463], [-0.06, 0.0, 0.23494756519794463]], [[0.2, 0.0, 0.23494756519794463], [0.0, 0.0, 0.23494756519794463]], [[0.26, 0.0, 0.23494756519794463], [0.06, 0.0, 0.23494756519794463]], [[0.32, 0.0, 0.23494756519794463], [0.12, 0.0, 0.23494756519794463]]]}