{"plan_1": [[[-0.075, -0.075, 0.3], [-0.075, -0.075, 0.22]], [[0.0, -0.075, 0.3], [0.0, -0.075, 0.22]], [[0.075, -0.075, 0.3], [0.075, -0.075, 0.22]], [[-0.075, 0.0, 0.3], [-0.075, 0.0, 0.22]], [[0.0, 0.0, 0.3], [0.0, 0.0, 0.22]], [[0.075, 0.0, 0.3], [0.075, 0.0, 0.22]], [[-0.075, 0.075, 0.3], [-0.075, 0.075, 0.22]], [[0.0, 0.075, 0.3], [0.0, 0.075, 0.22]], [[0.075, 0.075, 0.3], [0.075, 0.075, 0.22]]], "plan_2": [[[0.125, -0.075, 0.22], [0.075, -0.075, 0.22], [0.075, -0.075, 0.2]], [[0.2, -0.075, 0.22], [0.15, -0.075, 0.22], [0.15, -0.075, 0.2]], [[0.275, -0.075, 0.22], [0.22499999999999998, -0.075, 0.22], [0.22499999999999998, -0.075, 0.2]], [[0.125, 0.0, 0.22], [0.075, 0.0, 0.22], [0.075, 0.0, 0.2]], [[0.2, 0.0, 0.22], [0.15, 0.0, 0.22], [0.15, 0.0, 0.2]], [[0.275, 0.0, 0.22], [0.22499999999999998, 0.0, 0.22], [0.22499999999999998, 0.0, 0.2]], [[0.125, 0.075, 0.22], [0.075, 0.075, 0.22], [0.075, 0.075, 0.2]], [[0.2, 0.075, 0.22], [0.15, 0.075, 0.22], [0.15, 0.075, 0.2]], [[0.275, 0.075, 0.22], [0.22499999999999998, 0.075, 0.22], [0.22499999999999998, 0.075, 0.2]]], "plan_3": [[[-0.275, -0.075, 0.22], [-0.22499999999999998, -0.075, 0.22], [-0.22499999999999998, -0.075, 0.2]], [[-0.2, -0.075, 0.22], [-0.15, -0.075, 0.22], [-0.15, -0.075, 0.2]], [[-0.125, -0.075, 0.22], [-0.075, -0.075, 0.22], [-0.075, -0.075, 0.2]], [[-0.275, 0.0, 0.22], [-0.22499999999999998, 0.0, 0.22], [-0.22499999999999998, 0.0, 0.2]], [[-0.2, 0.0, 0.22], [-0.15, 0.0, 0.22], [-0.15, 0.0, 0.2]], [[-0.125, 0.0, 0.22], [-0.075, 0.0, 0.22], [-0.075, 0.0, 0.2]], [[-0.275, 0.075, 0.22], [-0.22499999999999998, 0.075, 0.22], [-0.22499999999999998, 0.075, 0.2]], [[-0.2, 0.075, 0.22], [-0.15, 0.075, 0.22], [-0.15, 0.075, 0.2]], [[-0.125, 0.075, 0.22], [-0.075, 0.075, 0.22], [-0.075, 0.075, 0.2]]], "plan_4": [[[-0.075, 0.125, 0.22], [-0.075, 0.075, 0.22], [-0.075, 0.075, 0.2]], [[0.0, 0.125, 0.22], [0.0, 0.075, 0.22], [0.0, 0.075, 0.2]], [[0.075, 0.125, 0.22], [0.075, 0.075, 0.22], [0.075, 0.075, 0.2]], [[-0.075, 0.2, 0.22], [-0.075, 0.15, 0.22], [-0.075, 0.15, 0.2]], [[0.0, 0.2, 0.22], [0.0, 0.15, 0.22], [0.0, 0.15, 0.2]], [[0.075, 0.2, 0.22], [0.075, 0.15, 0.22], [0.075, 0.15, 0.2]], [[-0.075, 0.275, 0.22], [-0.075, 0.22499999999999998, 0.22], [-0.075, 0.22499999999999998, 0.2]], [[0.0, 0.275, 0.22], [0.0, 0.22499999999999998, 0.22], [0.0, 0.22499999999999998, 0.2]], [[0.075, 0.275, 0.22], [0.075, 0.22499999999999998, 0.22], [0.075, 0.22499999999999998, 0.2]]], "plan_5": [[[-0.075, -0.275, 0.22], [-0.075, -0.22499999999999998, 0.22], [-0.075, -0.22499999999999998, 0.2]], [[0.0, -0.275, 0.22], [0.0, -0.22499999999999998, 0.22], [0.0, -0.22499999999999998, 0.2]], [[0.075, -0.275, 0.22], [0.075, -0.22499999999999998, 0.22], [0.075, -0.22499999999999998, 0.2]], [[-0.075, -0.2, 0.22], [-0.075, -0.15, 0.22], [-0.075, -0.15, 0.2]], [[0.0, -0.2, 0.22], [0.0, -0.15, 0.22], [0.0, -0.15, 0.2]], [[0.075, -0.2, 0.22], [0.075, -0.15, 0.22], [0.075, -0.15, 0.2]], [[-0.075, -0.125, 0.22], [-0.075, -0.075, 0.22], [-0.075, -0.075, 0.2]], [[0.0, -0.125, 0.22], [0.0, -0.075, 0.22], [0.0, -0.075, 0.2]], [[0.075, -0.125, 0.22], [0.075, -0.075, 0.22], [0.075, -0.075, 0.2]]]}