{"plan_1": [[[-0.12, 0.0, 0.4], [-0.12, 0.0, 0.234]], [[-0.06, 0.0, 0.4], [-0.06, 0.0, 0.234]], [[0.0, 0.0, 0.4], [0.0, 0.0, 0.234]], [[0.06, 0.0, 0.4], [0.06, 0.0, 0.234]], [[0.12, 0.0, 0.4], [0.12, 0.0, 0.234]]], "plan_2": [[[-0.22, 0.0, 0.2], [-0.12, 0.0, 0.234]], [[-0.16, 0.0, 0.2], [-0.06, 0.0, 0.234]], [[-0.1, 0.0, 0.2], [0.0, 0.0, 0.234]], [[-0.04000000000000001, 0.0, 0.2], [0.06, 0.0, 0.234]], [[0.01999999999999999, 0.0, 0.2], [0.12, 0.0, 0.234]]], "plan_3": [[[-0.01999999999999999, 0.0, 0.3], [-0.12, 0.0, 0.234]], [[0.04000000000000001, 0.0, 0.3], [-0.06, 0.0, 0.234]], [[0.1, 0.0, 0.3], [0.0, 0.0, 0.234]], [[0.16, 0.0, 0.3], [0.06, 0.0, 0.234]], [[0.22, 0.0, 0.3], [0.12, 0.0, 0.234]]], "plan_4": [[[-0.12, -0.1, 0.25], [-0.12, 0.0, 0.234]], [[-0.06, -0.1, 0.25], [-0.06, 0.0, 0.234]], [[0.0, -0.1, 0.25], [0.0, 0.0, 0.234]], [[0.06, -0.1, 0.25], [0.06, 0.0, 0.234]], [[0.12, -0.1, 0.25], [0.12, 0.0, 0.234]]], "plan_5": [[[-0.12, 0.1, 0.25], [-0.12, 0.0, 0.234]], [[-0.06, 0.1, 0.25], [-0.06, 0.0, 0.234]], [[0.0, 0.1, 0.25], [0.0, 0.0, 0.234]], [[0.06, 0.1, 0.25], [0.06, 0.0, 0.234]], [[0.12, 0.1, 0.25], [0.12, 0.0, 0.234]]]}