{"plan_1": [[[-0.023, -0.023, 0.25], [-0.023, -0.023, 0.18]], [[0.0, -0.023, 0.25], [0.0, -0.023, 0.18]], [[0.023, -0.023, 0.25], [0.023, -0.023, 0.18]], [[-0.023, 0.0, 0.25], [-0.023, 0.0, 0.18]], [[0.0, 0.0, 0.25], [0.0, 0.0, 0.18]], [[0.023, 0.0, 0.25], [0.023, 0.0, 0.18]], [[-0.023, 0.023, 0.25], [-0.023, 0.023, 0.18]], [[0.0, 0.023, 0.25], [0.0, 0.023, 0.18]], [[0.023, 0.023, 0.25], [0.023, 0.023, 0.18]]], "plan_2": [[[-0.123, -0.023, 0.18], [-0.023, -0.023, 0.18]], [[-0.1, -0.023, 0.18], [0.0, -0.023, 0.18]], [[-0.07700000000000001, -0.023, 0.18], [0.023, -0.023, 0.18]], [[-0.123, 0.0, 0.18], [-0.023, 0.0, 0.18]], [[-0.1, 0.0, 0.18], [0.0, 0.0, 0.18]], [[-0.07700000000000001, 0.0, 0.18], [0.023, 0.0, 0.18]], [[-0.123, 0.023, 0.18], [-0.023, 0.023, 0.18]], [[-0.1, 0.023, 0.18], [0.0, 0.023, 0.18]], [[-0.07700000000000001, 0.023, 0.18], [0.023, 0.023, 0.18]]], "plan_3": [[[0.07700000000000001, -0.023, 0.18], [-0.023, -0.023, 0.18]], [[0.1, -0.023, 0.18], [0.0, -0.023, 0.18]], [[0.123, -0.023, 0.18], [0.023, -0.023, 0.18]], [[0.07700000000000001, 0.0, 0.18], [-0.023, 0.0, 0.18]], [[0.1, 0.0, 0.18], [0.0, 0.0, 0.18]], [[0.123, 0.0, 0.18], [0.023, 0.0, 0.18]], [[0.07700000000000001, 0.023, 0.18], [-0.023, 0.023, 0.18]], [[0.1, 0.023, 0.18], [0.0, 0.023, 0.18]], [[0.123, 0.023, 0.18], [0.023, 0.023, 0.18]]], "plan_4": [[[-0.023, -0.123, 0.18], [-0.023, -0.023, 0.18]], [[0.0, -0.123, 0.18], [0.0, -0.023, 0.18]], [[0.023, -0.123, 0.18], [0.023, -0.023, 0.18]], [[-0.023, -0.1, 0.18], [-0.023, 0.0, 0.18]], [[0.0, -0.1, 0.18], [0.0, 0.0, 0.18]], [[0.023, -0.1, 0.18], [0.023, 0.0, 0.18]], [[-0.023, -0.07700000000000001, 0.18], [-0.023, 0.023, 0.18]], [[0.0, -0.07700000000000001, 0.18], [0.0, 0.023, 0.18]], [[0.023, -0.07700000000000001, 0.18], [0.023, 0.023, 0.18]]], "plan_5": [[[-0.023, 0.07700000000000001, 0.18], [-0.023, -0.023, 0.18]], [[0.0, 0.07700000000000001, 0.18], [0.0, -0.023, 0.18]], [[0.023, 0.07700000000000001, 0.18], [0.023, -0.023, 0.18]], [[-0.023, 0.1, 0.18], [-0.023, 0.0, 0.18]], [[0.0, 0.1, 0.18], [0.0, 0.0, 0.18]], [[0.023, 0.1, 0.18], [0.023, 0.0, 0.18]], [[-0.023, 0.123, 0.18], [-0.023, 0.023, 0.18]], [[0.0, 0.123, 0.18], [0.0, 0.023, 0.18]], [[0.023, 0.123, 0.18], [0.023, 0.023, 0.18]]]}