{
  "plan_1": [
    [0.0, 0.0, 0.5],
    [0.0, 0.0, 0.25294786793355684]
  ],
  "plan_2": [
    [0.0, -0.4, 0.25294786793355684],
    [0.0, 0.0, 0.25294786793355684]
  ],
  "plan_3": [
    [0.0, 0.4, 0.25294786793355684],
    [0.0, 0.0, 0.25294786793355684]
  ],
  "plan_4": [
    [-0.4, 0.0, 0.25294786793355684],
    [0.0, 0.0, 0.25294786793355684]
  ],
  "plan_5": [
    [0.4, 0.0, 0.25294786793355684],
    [0.0, 0.0, 0.25294786793355684]
  ]
}
