{
  "plan_1": [
    [0.0, 0.0, 0.3],
    [0.0, 0.0, 0.1811950313568115]
  ],
  "plan_2": [
    [0.0, -0.2, 0.2],
    [0.0, -0.05761700090765956, 0.1811950313568115]
  ],
  "plan_3": [
    [0.0, 0.2, 0.2],
    [0.0, 0.05761700090765956, 0.1811950313568115]
  ],
  "plan_4": [
    [-0.2, 0.0, 0.2],
    [-0.05695950020849707, 0.0, 0.1811950313568115]
  ],
  "plan_5": [
    [0.2, 0.0, 0.2],
    [0.05695950020849707, 0.0, 0.1811950313568115]
  ]
}
