{"plan_1": [[[-0.04, -0.04, 0.3], [-0.04, -0.04, 0.1811950313568115]], [[0.0, -0.04, 0.3], [0.0, -0.04, 0.1811950313568115]], [[0.04, -0.04, 0.3], [0.04, -0.04, 0.1811950313568115]], [[-0.04, 0.0, 0.3], [-0.04, 0.0, 0.1811950313568115]], [[0.0, 0.0, 0.3], [0.0, 0.0, 0.1811950313568115]], [[0.04, 0.0, 0.3], [0.04, 0.0, 0.1811950313568115]], [[-0.04, 0.04, 0.3], [-0.04, 0.04, 0.1811950313568115]], [[0.0, 0.04, 0.3], [0.0, 0.04, 0.1811950313568115]], [[0.04, 0.04, 0.3], [0.04, 0.04, 0.1811950313568115]]], "plan_2": [[[-0.04, -0.24000000000000002, 0.2], [-0.04, -0.09761700090765957, 0.1811950313568115]], [[0.0, -0.24000000000000002, 0.2], [0.0, -0.09761700090765957, 0.1811950313568115]], [[0.04, -0.24000000000000002, 0.2], [0.04, -0.09761700090765957, 0.1811950313568115]], [[-0.04, -0.2, 0.2], [-0.04, -0.05761700090765956, 0.1811950313568115]], [[0.0, -0.2, 0.2], [0.0, -0.05761700090765956, 0.1811950313568115]], [[0.04, -0.2, 0.2], [0.04, -0.05761700090765956, 0.1811950313568115]], [[-0.04, -0.16, 0.2], [-0.04, -0.01761700090765956, 0.1811950313568115]], [[0.0, -0.16, 0.2], [0.0, -0.01761700090765956, 0.1811950313568115]], [[0.04, -0.16, 0.2], [0.04, -0.01761700090765956, 0.1811950313568115]]], "plan_3": [[[-0.04, 0.16, 0.2], [-0.04, 0.01761700090765956, 0.1811950313568115]], [[0.0, 0.16, 0.2], [0.0, 0.01761700090765956, 0.1811950313568115]], [[0.04, 0.16, 0.2], [0.04, 0.01761700090765956, 0.1811950313568115]], [[-0.04, 0.2, 0.2], [-0.04, 0.05761700090765956, 0.1811950313568115]], [[0.0, 0.2, 0.2], [0.0, 0.05761700090765956, 0.1811950313568115]], [[0.04, 0.2, 0.2], [0.04, 0.05761700090765956, 0.1811950313568115]], [[-0.04, 0.24000000000000002, 0.2], [-0.04, 0.09761700090765957, 0.1811950313568115]], [[0.0, 0.24000000000000002, 0.2], [0.0, 0.09761700090765957, 0.1811950313568115]], [[0.04, 0.24000000000000002, 0.2], [0.04, 0.09761700090765957, 0.1811950313568115]]], "plan_4": [[[-0.24000000000000002, -0.04, 0.2], [-0.09695950020849707, -0.04, 0.1811950313568115]], [[-0.2, -0.04, 0.2], [-0.05695950020849707, -0.04, 0.1811950313568115]], [[-0.16, -0.04, 0.2], [-0.01695950020849707, -0.04, 0.1811950313568115]], [[-0.24000000000000002, 0.0, 0.2], [-0.09695950020849707, 0.0, 0.1811950313568115]], [[-0.2, 0.0, 0.2], [-0.05695950020849707, 0.0, 0.1811950313568115]], [[-0.16, 0.0, 0.2], [-0.01695950020849707, 0.0, 0.1811950313568115]], [[-0.24000000000000002, 0.04, 0.2], [-0.09695950020849707, 0.04, 0.1811950313568115]], [[-0.2, 0.04, 0.2], [-0.05695950020849707, 0.04, 0.1811950313568115]], [[-0.16, 0.04, 0.2], [-0.01695950020849707, 0.04, 0.1811950313568115]]], "plan_5": [[[0.16, -0.04, 0.2], [0.01695950020849707, -0.04, 0.1811950313568115]], [[0.2, -0.04, 0.2], [0.05695950020849707, -0.04, 0.1811950313568115]], [[0.24000000000000002, -0.04, 0.2], [0.09695950020849707, -0.04, 0.1811950313568115]], [[0.16, 0.0, 0.2], [0.01695950020849707, 0.0, 0.1811950313568115]], [[0.2, 0.0, 0.2], [0.05695950020849707, 0.0, 0.1811950313568115]], [[0.24000000000000002, 0.0, 0.2], [0.09695950020849707, 0.0, 0.1811950313568115]], [[0.16, 0.04, 0.2], [0.01695950020849707, 0.04, 0.1811950313568115]], [[0.2, 0.04, 0.2], [0.05695950020849707, 0.04, 0.1811950313568115]], [[0.24000000000000002, 0.04, 0.2], [0.09695950020849707, 0.04, 0.1811950313568115]]]}