{"plan_1": [[[-0.02, -0.02, 0.5], [-0.02, -0.02, 0.274]], [[0.0, -0.02, 0.5], [0.0, -0.02, 0.274]], [[0.02, -0.02, 0.5], [0.02, -0.02, 0.274]], [[-0.02, 0.0, 0.5], [-0.02, 0.0, 0.274]], [[0.0, 0.0, 0.5], [0.0, 0.0, 0.274]], [[0.02, 0.0, 0.5], [0.02, 0.0, 0.274]], [[-0.02, 0.02, 0.5], [-0.02, 0.02, 0.274]], [[0.0, 0.02, 0.5], [0.0, 0.02, 0.274]], [[0.02, 0.02, 0.5], [0.02, 0.02, 0.274]]], "plan_2": [[[-0.02, -0.22, 0.274], [-0.02, -0.02, 0.274]], [[0.0, -0.22, 0.274], [0.0, -0.02, 0.274]], [[0.02, -0.22, 0.274], [0.02, -0.02, 0.274]], [[-0.02, -0.2, 0.274], [-0.02, 0.0, 0.274]], [[0.0, -0.2, 0.274], [0.0, 0.0, 0.274]], [[0.02, -0.2, 0.274], [0.02, 0.0, 0.274]], [[-0.02, -0.18000000000000002, 0.274], [-0.02, 0.02, 0.274]], [[0.0, -0.18000000000000002, 0.274], [0.0, 0.02, 0.274]], [[0.02, -0.18000000000000002, 0.274], [0.02, 0.02, 0.274]]], "plan_3": [[[-0.02, 0.18000000000000002, 0.274], [-0.02, -0.02, 0.274]], [[0.0, 0.18000000000000002, 0.274], [0.0, -0.02, 0.274]], [[0.02, 0.18000000000000002, 0.274], [0.02, -0.02, 0.274]], [[-0.02, 0.2, 0.274], [-0.02, 0.0, 0.274]], [[0.0, 0.2, 0.274], [0.0, 0.0, 0.274]], [[0.02, 0.2, 0.274], [0.02, 0.0, 0.274]], [[-0.02, 0.22, 0.274], [-0.02, 0.02, 0.274]], [[0.0, 0.22, 0.274], [0.0, 0.02, 0.274]], [[0.02, 0.22, 0.274], [0.02, 0.02, 0.274]]], "plan_4": [[[-0.22, -0.02, 0.274], [-0.02, -0.02, 0.274]], [[-0.2, -0.02, 0.274], [0.0, -0.02, 0.274]], [[-0.18000000000000002, -0.02, 0.274], [0.02, -0.02, 0.274]], [[-0.22, 0.0, 0.274], [-0.02, 0.0, 0.274]], [[-0.2, 0.0, 0.274], [0.0, 0.0, 0.274]], [[-0.18000000000000002, 0.0, 0.274], [0.02, 0.0, 0.274]], [[-0.22, 0.02, 0.274], [-0.02, 0.02, 0.274]], [[-0.2, 0.02, 0.274], [0.0, 0.02, 0.274]], [[-0.18000000000000002, 0.02, 0.274], [0.02, 0.02, 0.274]]], "plan_5": [[[0.18000000000000002, -0.02, 0.274], [-0.02, -0.02, 0.274]], [[0.2, -0.02, 0.274], [0.0, -0.02, 0.274]], [[0.22, -0.02, 0.274], [0.02, -0.02, 0.274]], [[0.18000000000000002, 0.0, 0.274], [-0.02, 0.0, 0.274]], [[0.2, 0.0, 0.274], [0.0, 0.0, 0.274]], [[0.22, 0.0, 0.274], [0.02, 0.0, 0.274]], [[0.18000000000000002, 0.02, 0.274], [-0.02, 0.02, 0.274]], [[0.2, 0.02, 0.274], [0.0, 0.02, 0.274]], [[0.22, 0.02, 0.274], [0.02, 0.02, 0.274]]]}