{
  "plan_1": [
    [0.0, 0.0, 0.4],
    [0.0, 0.0, 0.23494756519794463]
  ],
  "plan_2": [
    [0.0, -0.2, 0.23494756519794463],
    [0.0, 0.0, 0.23494756519794463]
  ],
  "plan_3": [
    [0.0, 0.2, 0.23494756519794463],
    [0.0, 0.0, 0.23494756519794463]
  ],
  "plan_4": [
    [-0.2, 0.0, 0.23494756519794463],
    [0.0, 0.0, 0.23494756519794463]
  ],
  "plan_5": [
    [0.2, 0.0, 0.23494756519794463],
    [0.0, 0.0, 0.23494756519794463]
  ]
}
